cIdx,spList,medoid,prior,purity
0,"[(1,Rp),(239,Lp),(243,Rp),(244,Noth),(461,Lp),(906,Rp),(1043,Rp),(1601,Rp),(1662,Rp),(1784,Rp),(1785,Rp),(1896,Rp),(1948,Rp)]",906,Rp,0.7692308
1,"[(2,Rp),(226,Rp),(227,Rp),(228,Rp),(230,Rp),(240,Noth),(242,Rp),(706,Rp),(917,Lp),(1480,Lp)]",228,Rp,0.7
2,"[(3,Rp),(266,Rp),(283,Rp),(303,Rp),(306,Rp),(714,Rp),(759,Noth),(1076,Rp),(1090,Rp),(1092,Rp),(1094,Rp),(1170,Rp),(1448,Rp),(1463,Rp),(1540,Rp),(1543,Rp),(1563,Rp),(1929,Rp)]",1076,Rp,0.9444444
3,"[(4,Lp),(835,Lp),(920,Rp),(924,Lp),(1466,Lp),(1919,Rp)]",4,Lp,0.6666667
4,"[(5,Lp),(374,Rp),(377,Rp),(1530,Rp),(1611,Rp),(1681,Rp),(1772,Noth),(1773,Noth),(1809,Noth),(1810,Noth),(1869,Rp),(1880,Rp)]",1611,Rp,0.5833333
5,"[(6,Rp),(225,Rp),(237,Rp),(361,Noth),(463,Lp),(465,Lp),(1038,Rp),(1062,Rp),(1286,Noth),(1367,Noth),(1368,Rp),(1653,Rp),(1781,Lp),(1895,Lp),(1904,Rp)]",1895,Rp,0.53333336
6,"[(7,Rp),(11,Rp),(1068,Rp),(1255,Rp),(1450,Rp),(1614,Rp),(1616,Rp),(1654,Rp),(1655,Noth),(1774,Rp)]",1655,Rp,0.9
7,"[(8,Lp),(754,Noth)]",8,Lp,0.5
8,"[(9,Noth),(10,Noth),(516,Rp),(1786,Lp)]",9,Noth,0.5
9,"[(379,Rp),(532,Lp),(533,Lp),(704,Rp),(891,Lp),(1102,Rp),(1449,Rp),(1607,Rp),(1608,Rp),(1612,Rp),(1615,Rp),(1682,Noth),(1684,Noth),(1685,Noth),(1762,Noth),(1763,Noth),(1764,Rp),(1771,Rp),(1795,Rp),(1821,Noth),(1822,Noth),(1858,Noth),(1859,Noth),(1871,Noth),(1879,Rp),(1905,Rp)]",1607,Rp,0.5
10,"[(218,Lp),(247,Rp),(697,Rp),(955,Rp),(1256,Noth),(1257,Noth),(1258,Noth),(1259,Noth),(1469,Rp),(1471,Noth),(1508,Lp)]",1257,Noth,0.45454547
11,"[(12,Rp)]",12,Rp,1.0
12,"[(13,Rp),(16,Rp),(861,Noth)]",13,Rp,0.6666667
13,"[(14,Noth),(21,Rp),(687,Noth)]",21,Noth,0.6666667
14,"[(262,Rp),(284,Rp),(345,Rp),(347,Rp),(362,Rp),(420,Rp),(422,Rp),(431,Rp),(445,Noth),(523,Noth),(524,Noth),(530,Noth),(572,Noth),(580,Rp),(627,Noth),(632,Noth),(633,Noth),(634,Noth),(681,Noth),(683,Noth),(688,Rp),(690,Rp),(840,Noth),(903,Rp),(1025,Noth),(1077,Rp),(1156,Noth),(1280,Noth),(1494,Noth),(1544,Rp),(1927,Noth),(1930,Rp)]",262,Noth,0.53125
15,"[(276,Noth),(307,Lp),(520,Lp),(541,Lp),(558,Noth),(567,Lp),(1004,Noth),(1021,Lp),(1232,Rp),(1863,Lp),(1864,Lp)]",567,Lp,0.6363636
16,"[(15,Rp),(17,Rp),(1137,Noth),(1233,Rp)]",15,Rp,0.75
17,"[(18,Noth),(860,Lp)]",18,Lp,0.5
18,"[(19,Rp)]",19,Rp,1.0
19,"[(20,Rp),(960,Rp),(1183,Lp)]",20,Rp,0.6666667
20,"[(555,Rp),(557,Rp),(561,Noth),(575,Noth),(576,Rp),(578,Rp),(985,Noth),(986,Rp),(988,Noth),(989,Rp),(990,Noth),(995,Rp),(996,Noth)]",990,Rp,0.53846157
21,"[(22,Lp),(287,Rp),(426,Lp),(661,Noth),(666,Noth),(721,Rp),(1022,Lp),(1197,Rp),(1210,Rp),(1485,Rp),(1564,Rp),(1621,Lp),(1661,Rp),(1794,Rp),(1979,Rp),(1988,Rp)]",1988,Rp,0.625
22,"[(23,Lp),(383,Lp),(384,Lp),(511,Lp),(943,Rp),(1046,Noth),(1047,Rp),(1054,Lp),(1065,Lp),(1066,Lp),(1245,Lp),(1246,Lp),(1247,Lp),(1248,Lp),(1468,Lp),(1568,Rp),(1641,Rp),(1882,Lp),(1883,Lp),(1960,Noth),(1962,Noth),(1970,Lp),(1972,Lp)]",1883,Lp,0.6956522
23,"[(24,Lp),(219,Lp),(386,Lp),(387,Lp),(512,Lp),(648,Noth),(922,Noth),(923,Rp),(925,Lp),(926,Lp),(927,Lp),(1069,Rp),(1108,Lp),(1260,Rp),(1261,Lp),(1262,Lp),(1263,Lp),(1264,Lp),(1473,Lp),(1514,Lp),(1516,Lp),(1569,Lp),(1642,Rp),(1885,Lp),(1973,Lp)]",1569,Lp,0.76
24,"[(25,Rp),(285,Noth),(299,Rp),(315,Rp),(327,Rp),(342,Rp),(350,Rp),(396,Rp),(417,Rp),(492,Rp),(618,Rp),(913,Noth),(948,Rp),(1079,Rp),(1086,Rp),(1087,Noth),(1229,Rp),(1265,Rp),(1314,Rp),(1378,Rp),(1410,Noth),(1428,Rp),(1552,Rp),(1609,Lp),(1657,Lp),(1873,Rp),(1931,Rp),(1938,Rp)]",1086,Rp,0.78571427
25,"[(26,Rp),(424,Rp),(517,Lp),(1103,Rp),(1191,Lp),(1266,Lp),(1517,Lp),(1974,Rp)]",26,Lp,0.5
26,"[(27,Noth),(259,Rp),(279,Rp),(296,Rp),(298,Rp),(320,Noth),(321,Rp),(332,Noth),(333,Rp),(346,Rp),(399,Rp),(401,Noth),(402,Rp),(421,Rp),(519,Rp),(521,Rp),(522,Noth),(529,Rp),(746,Noth),(748,Noth),(751,Noth),(753,Noth),(781,Noth),(832,Rp),(838,Rp),(895,Rp),(900,Rp),(929,Noth),(933,Rp),(952,Rp),(971,Rp),(1024,Rp),(1050,Rp),(1085,Rp),(1124,Rp),(1152,Rp),(1192,Noth),(1209,Rp),(1269,Rp),(1279,Rp),(1425,Noth),(1493,Rp),(1528,Noth),(1529,Rp),(1560,Rp),(1787,Rp),(1921,Noth),(1925,Rp)]",929,Rp,0.6875
27,"[(28,Lp),(215,Rp),(375,Rp),(378,Rp),(691,Noth),(692,Rp),(772,Lp),(775,Lp),(828,Lp),(857,Lp),(862,Lp),(930,Lp),(931,Lp),(961,Rp),(1055,Noth),(1056,Rp),(1112,Lp),(1190,Lp),(1193,Lp),(1553,Noth),(1554,Noth),(1597,Lp),(1829,Noth),(1830,Noth),(1924,Lp),(1933,Lp),(1950,Lp),(1976,Rp)]",1112,Lp,0.53571427
28,"[(29,Lp),(286,Noth),(351,Lp),(354,Lp),(684,Rp),(701,Lp),(914,Rp),(1051,Rp),(1221,Lp),(1235,Lp),(1271,Lp),(1315,Rp),(1319,Lp),(1348,Lp),(1380,Lp),(1382,Lp),(1384,Lp),(1412,Rp),(1413,Noth),(1415,Rp),(1416,Noth),(1476,Noth),(1874,Lp),(1887,Lp),(1888,Lp),(1911,Lp)]",1887,Lp,0.61538464
29,"[(30,Lp),(173,Lp),(495,Lp),(1381,Lp),(1383,Lp),(1385,Lp)]",1383,Lp,1.0
30,"[(31,Noth),(33,Noth),(497,Noth),(698,Noth),(845,Noth),(851,Noth),(1053,Rp),(1093,Noth),(1358,Noth),(1394,Noth),(1396,Noth),(1398,Noth)]",1398,Noth,0.9166667
31,"[(716,Rp),(844,Noth),(846,Noth),(848,Rp),(850,Noth),(852,Noth),(853,Rp),(941,Lp)]",852,Noth,0.5
32,"[(750,Noth),(752,Rp),(758,Noth),(760,Rp),(800,Rp),(806,Noth),(842,Rp),(1166,Rp),(1317,Rp),(1431,Noth),(1437,Rp),(1474,Noth)]",758,Rp,0.5833333
33,"[(274,Rp),(439,Noth),(440,Rp),(446,Noth),(448,Rp),(515,Rp),(809,Noth),(824,Lp),(1028,Rp),(1031,Rp),(1163,Rp),(1180,Rp),(1282,Rp),(1371,Rp),(1510,Lp)]",1282,Rp,0.6666667
34,"[(330,Rp),(343,Rp),(418,Rp),(442,Rp),(444,Rp),(514,Rp),(535,Rp),(538,Rp),(551,Rp),(571,Rp),(579,Rp),(613,Rp),(615,Rp),(671,Rp),(679,Rp),(682,Rp),(686,Rp),(689,Rp),(1526,Rp),(1814,Rp),(1816,Noth),(1817,Rp),(1997,Rp)]",579,Rp,0.95652175
35,"[(36,Noth),(40,Rp),(229,Noth),(232,Rp),(505,Rp),(509,Rp),(696,Rp),(699,Rp),(708,Rp),(713,Rp),(723,Noth),(834,Rp),(1387,Noth),(1391,Noth),(1405,Rp),(1472,Rp)]",1391,Rp,0.6875
36,"[(275,Rp),(1032,Rp),(1164,Rp),(1214,Rp),(1283,Rp),(1503,Rp)]",1283,Rp,1.0
37,"[(38,Noth),(297,Noth),(372,Noth),(1389,Noth),(1401,Noth),(1403,Noth),(1470,Noth),(1522,Lp)]",1403,Noth,0.875
38,"[(35,Rp),(37,Rp),(39,Noth),(430,Rp),(707,Noth),(833,Rp),(1386,Rp),(1388,Rp),(1390,Noth),(1400,Rp),(1402,Noth),(1404,Noth),(1506,Lp)]",1400,Rp,0.53846157
39,"[(212,Lp),(277,Rp),(755,Noth),(765,Lp),(957,Rp),(1033,Rp),(1165,Rp),(1216,Rp),(1284,Rp),(1504,Rp),(1513,Noth),(1629,Noth)]",1284,Rp,0.5833333
40,"[(41,Lp),(700,Lp),(766,Noth),(1153,Noth),(1392,Noth),(1406,Lp),(1408,Lp)]",1406,Lp,0.5714286
41,"[(42,Lp),(278,Lp),(510,Lp),(1393,Noth),(1407,Lp),(1409,Lp)]",1409,Lp,0.8333333
42,"[(736,Lp),(737,Noth),(743,Lp),(827,Lp),(1111,Noth),(1115,Rp),(1292,Lp),(1417,Lp),(1419,Noth),(1429,Lp),(1549,Lp),(1567,Rp)]",1549,Lp,0.5833333
43,"[(44,Rp),(224,Noth),(369,Rp),(405,Lp)]",44,Rp,0.5
44,"[(595,Noth),(1134,Lp),(1135,Lp),(1154,Noth),(1155,Noth),(1270,Lp),(1935,Noth)]",1134,Noth,0.5714286
45,"[(46,Lp),(265,Lp),(294,Lp),(295,Lp),(317,Lp),(322,Noth),(324,Noth),(581,Lp),(718,Lp),(741,Lp),(742,Lp),(830,Lp),(950,Lp),(964,Noth),(1072,Noth),(1082,Lp),(1116,Lp),(1122,Noth),(1123,Lp),(1194,Lp),(1198,Lp),(1228,Noth),(1457,Lp),(1550,Lp),(1558,Lp),(1980,Lp)]",1082,Lp,0.7692308
46,"[(47,Lp),(657,Rp),(724,Rp),(947,Lp),(962,Lp),(972,Lp),(979,Lp),(980,Lp),(1026,Lp),(1064,Lp),(1070,Lp),(1109,Rp),(1118,Lp),(1129,Lp),(1131,Lp),(1161,Lp),(1285,Lp),(1531,Noth),(1534,Noth),(1535,Lp),(1537,Lp),(1953,Rp),(1954,Lp)]",972,Lp,0.73913044
47,"[(43,Lp),(48,Lp),(1080,Lp),(1362,Noth),(1978,Lp)]",1080,Lp,0.8
48,"[(49,Lp),(1231,Rp)]",49,Lp,0.5
49,"[(50,Noth),(55,Noth),(1838,Noth)]",50,Noth,1.0
50,"[(292,Rp),(500,Rp),(826,Rp),(831,Noth),(858,Rp),(875,Rp),(883,Noth),(1073,Noth),(1084,Noth),(1117,Noth),(1185,Noth),(1195,Rp),(1267,Noth),(1548,Rp),(1792,Rp),(1994,Rp)]",1117,Rp,0.5625
51,"[(1833,Noth),(1834,Noth),(1835,Noth),(1836,Noth),(1837,Rp),(1839,Noth),(1840,Noth),(1841,Noth),(1842,Noth),(1843,Rp)]",1836,Noth,0.8
52,"[(51,Noth),(53,Noth),(534,Noth),(537,Noth),(660,Noth),(729,Rp),(745,Noth),(747,Rp),(829,Rp),(881,Rp),(886,Noth),(951,Noth),(1057,Noth),(1208,Noth),(1311,Noth),(1458,Noth),(1551,Rp),(1559,Noth),(1620,Rp),(1712,Noth),(1981,Noth)]",1981,Noth,0.71428573
53,"[(629,Noth),(638,Noth),(670,Lp),(693,Lp),(778,Noth),(782,Noth),(798,Noth),(836,Noth),(872,Noth),(888,Lp),(1058,Lp),(1421,Lp),(1426,Lp),(1454,Noth),(1707,Rp),(1714,Lp),(1892,Lp)]",1426,Lp,0.47058824
54,"[(325,Lp),(1331,Noth),(1333,Noth)]",1333,Noth,0.6666667
55,"[(60,Noth),(105,Noth),(1634,Noth)]",105,Noth,1.0
56,"[(52,Noth),(57,Noth),(1484,Lp)]",57,Noth,0.6666667
57,"[(56,Noth),(58,Noth)]",58,Noth,1.0
58,"[(59,Rp),(712,Rp),(1414,Noth)]",712,Rp,0.6666667
59,"[(250,Lp),(314,Lp),(323,Noth),(391,Lp),(550,Noth),(568,Noth),(610,Lp),(675,Lp),(726,Lp),(970,Noth),(1204,Lp),(1304,Lp),(1944,Lp)]",391,Lp,0.6923077
60,"[(61,Noth),(62,Noth),(329,Noth)]",61,Noth,1.0
61,"[(839,Rp),(864,Rp),(876,Rp),(877,Noth),(878,Noth),(879,Rp),(880,Noth),(885,Rp)]",876,Rp,0.625
62,"[(695,Rp),(702,Rp),(944,Noth),(945,Rp),(1268,Rp),(1364,Lp),(1365,Rp)]",1365,Rp,0.71428573
63,"[(64,Noth),(207,Lp),(221,Rp),(260,Noth),(261,Noth),(271,Lp),(338,Noth),(340,Lp),(341,Lp),(449,Lp),(493,Lp),(897,Lp),(898,Lp),(901,Noth),(902,Noth),(1275,Noth),(1278,Lp),(1507,Lp),(1934,Lp)]",1275,Lp,0.57894737
64,"[(63,Noth),(65,Rp),(722,Noth)]",63,Noth,0.6666667
65,"[(66,Noth),(304,Noth),(305,Noth),(331,Noth),(400,Noth),(643,Noth),(645,Noth),(715,Noth),(717,Lp),(749,Noth),(756,Noth),(757,Noth),(847,Noth),(932,Noth),(940,Noth),(1088,Noth),(1091,Noth),(1171,Noth),(1461,Noth),(1464,Noth),(1541,Noth),(1556,Noth),(1561,Noth),(1939,Noth),(1984,Noth),(1986,Noth)]",1091,Noth,0.96153843
66,"[(616,Noth),(617,Noth),(644,Noth),(646,Noth),(647,Noth),(668,Noth),(732,Noth),(733,Noth),(801,Noth),(803,Noth),(804,Noth),(808,Rp),(810,Noth),(811,Noth),(812,Noth),(813,Noth),(814,Noth),(815,Noth),(817,Lp),(819,Lp),(820,Lp),(822,Lp),(1172,Noth),(1177,Noth),(1202,Noth),(1435,Rp),(1952,Noth)]",812,Noth,0.7777778
67,"[(67,Noth),(68,Noth),(73,Noth),(74,Noth)]",68,Noth,1.0
68,"[(69,Noth),(71,Rp),(220,Noth),(269,Rp),(1089,Noth),(1462,Noth)]",1462,Noth,0.6666667
69,"[(70,Noth),(238,Noth),(496,Noth),(1020,Noth),(1169,Noth),(1173,Rp),(1174,Noth),(1175,Noth),(1200,Rp),(1201,Noth),(1272,Noth),(1273,Rp),(1436,Noth),(1459,Rp),(1460,Noth),(1557,Rp)]",70,Noth,0.6875
70,"[(1167,Rp),(1168,Noth),(1439,Noth),(1440,Noth),(1562,Noth),(1985,Noth),(1987,Noth)]",1562,Noth,0.85714287
71,"[(302,Noth),(649,Lp),(651,Lp),(802,Noth),(805,Noth),(807,Rp),(818,Lp),(821,Lp),(823,Lp),(855,Lp)]",818,Lp,0.6
72,"[(870,Noth),(1009,Lp),(1010,Lp),(1011,Lp),(1139,Noth),(1140,Noth),(1141,Rp),(1150,Lp),(1151,Lp)]",1151,Lp,0.5555556
73,"[(978,Lp),(1005,Noth),(1006,Noth),(1007,Noth),(1008,Rp),(1130,Lp),(1133,Lp),(1288,Lp),(1379,Rp),(1959,Noth)]",1006,Lp,0.4
74,"[(363,Lp),(364,Lp),(365,Lp),(867,Rp),(868,Noth),(916,Rp),(919,Rp),(1237,Lp),(1432,Rp),(1467,Lp),(1495,Rp),(1877,Lp),(1897,Lp),(1912,Lp),(1913,Lp),(1971,Lp)]",1897,Lp,0.625
75,"[(54,Noth),(72,Noth),(76,Noth),(655,Lp),(1359,Noth)]",76,Noth,0.8
76,"[(273,Noth),(513,Rp),(1027,Noth),(1030,Noth),(1162,Noth),(1179,Noth),(1281,Noth)]",1281,Noth,0.85714287
77,"[(75,Noth),(77,Noth),(78,Noth),(1872,Lp)]",75,Noth,0.75
78,"[(151,Rp),(388,Lp),(459,Rp),(1290,Rp),(1363,Noth),(1570,Lp),(1583,Lp),(1588,Lp),(1593,Lp),(1658,Rp),(1705,Rp),(1729,Rp),(1894,Noth)]",1290,Rp,0.46153846
79,"[(80,Noth),(370,Noth),(863,Rp),(1478,Rp),(1486,Rp),(1488,Noth),(1491,Noth),(1496,Noth),(1636,Rp)]",80,Noth,0.5555556
80,"[(81,Noth),(84,Noth),(371,Noth),(1487,Noth),(1638,Rp)]",81,Noth,0.8
81,"[(82,Noth),(86,Noth),(360,Rp),(437,Lp),(621,Lp),(762,Lp),(915,Lp),(1023,Lp),(1106,Rp),(1213,Lp),(1215,Noth),(1803,Rp)]",82,Lp,0.5
82,"[(1096,Noth),(1211,Rp),(1489,Noth),(1669,Rp),(1906,Lp),(1989,Rp)]",1989,Rp,0.5
83,"[(998,Noth),(999,Noth),(1000,Noth),(1001,Noth),(1003,Noth),(1132,Lp),(1145,Lp)]",999,Noth,0.71428573
84,"[(83,Rp),(85,Noth),(539,Rp),(953,Rp),(1074,Rp),(1081,Rp),(1095,Rp),(1465,Rp),(1721,Rp),(1724,Rp)]",1465,Rp,0.9
85,"[(470,Lp),(1146,Lp),(1147,Lp),(1149,Lp),(1497,Rp)]",1147,Lp,0.8
86,"[(87,Rp),(208,Lp),(209,Lp),(1430,Rp),(1492,Noth),(1565,Rp)]",1565,Rp,0.5
87,"[(467,Noth),(631,Rp),(636,Noth),(640,Noth),(1138,Noth),(1144,Noth),(1157,Noth),(1158,Noth),(1159,Noth),(1160,Noth),(1441,Lp),(1704,Lp)]",1159,Noth,0.75
88,"[(88,Noth),(89,Lp),(468,Noth)]",89,Noth,0.6666667
89,"[(90,Lp),(469,Noth),(641,Rp),(946,Lp),(1126,Lp),(1369,Lp),(1456,Lp)]",1456,Lp,0.71428573
90,"[(91,Lp),(231,Rp),(288,Lp),(291,Lp),(318,Lp),(394,Lp),(656,Rp),(744,Lp),(764,Lp),(907,Rp),(908,Rp),(949,Lp),(1083,Lp),(1206,Lp),(1240,Lp),(1241,Lp),(1370,Rp),(1523,Lp),(1720,Rp),(1723,Noth),(1940,Lp),(1990,Lp),(1995,Lp)]",1083,Lp,0.6956522
91,"[(92,Lp),(211,Lp),(334,Lp),(403,Lp),(441,Lp),(540,Rp),(626,Lp),(628,Rp),(635,Noth),(642,Noth),(767,Noth),(841,Rp),(909,Noth),(910,Rp),(911,Lp),(954,Rp),(1097,Rp),(1098,Lp),(1212,Rp),(1217,Lp),(1250,Noth),(1251,Noth),(1524,Lp),(1566,Rp),(1696,Noth),(1941,Lp),(1991,Lp)]",92,Lp,0.44444445
92,"[(93,Lp),(204,Lp),(213,Lp),(234,Lp),(267,Lp),(272,Noth),(282,Lp),(308,Lp),(309,Lp),(348,Lp),(542,Lp),(543,Lp),(622,Lp),(623,Lp),(624,Lp),(625,Lp),(771,Lp),(773,Lp),(774,Lp),(918,Rp),(956,Noth),(1034,Lp),(1075,Lp),(1099,Lp),(1101,Lp),(1107,Lp),(1181,Lp),(1218,Lp),(1287,Lp),(1372,Rp),(1373,Noth),(1375,Lp),(1509,Lp),(1532,Noth),(1536,Lp),(1538,Noth),(1546,Lp),(1605,Lp),(1789,Lp),(1865,Noth),(1866,Rp),(1923,Lp),(1942,Lp),(1992,Lp)]",1942,Lp,0.79545456
93,"[(94,Lp),(205,Noth),(214,Lp),(235,Lp),(258,Noth),(263,Lp),(264,Lp),(268,Lp),(310,Noth),(311,Lp),(312,Lp),(336,Noth),(349,Lp),(406,Noth),(450,Lp),(544,Noth),(545,Lp),(546,Lp),(650,Lp),(652,Lp),(653,Lp),(654,Lp),(837,Noth),(854,Lp),(856,Lp),(899,Noth),(904,Lp),(905,Lp),(935,Noth),(958,Lp),(1029,Noth),(1035,Lp),(1100,Lp),(1143,Noth),(1178,Noth),(1182,Lp),(1203,Noth),(1219,Lp),(1515,Lp),(1542,Rp),(1867,Lp),(1928,Noth),(1943,Lp)]",1100,Lp,0.6511628
94,"[(95,Lp),(252,Noth),(471,Lp),(1036,Lp),(1199,Lp),(1226,Lp),(1234,Lp),(1306,Lp),(1945,Lp),(1957,Rp)]",1226,Lp,0.8
95,"[(96,Noth),(216,Lp),(965,Noth),(1227,Noth),(1321,Rp),(1420,Noth),(1453,Rp),(1618,Rp),(1627,Rp),(1791,Rp)]",96,Rp,0.5
96,"[(97,Noth),(1322,Lp),(1713,Noth)]",97,Noth,0.6666667
97,"[(79,Rp),(98,Rp),(352,Rp),(658,Rp),(966,Rp),(973,Rp),(1037,Lp),(1060,Noth)]",98,Rp,0.75
98,"[(99,Noth),(694,Lp),(1039,Rp),(1335,Noth),(1366,Noth),(1418,Rp),(1718,Noth),(1725,Rp),(1890,Noth)]",1366,Noth,0.5555556
99,"[(100,Rp),(466,Rp),(582,Lp),(589,Lp),(591,Lp),(599,Noth),(968,Noth),(1671,Noth),(1719,Noth)]",100,Noth,0.44444445
100,"[(678,Rp),(720,Lp),(1600,Rp),(1606,Lp),(1610,Lp),(1868,Lp)]",1868,Lp,0.6666667
101,"[(253,Lp),(316,Lp),(319,Noth),(326,Lp),(407,Lp),(408,Lp),(410,Lp),(549,Lp),(585,Rp),(963,Lp),(1798,Lp)]",326,Lp,0.8181818
102,"[(1293,Lp),(1576,Noth),(1732,Rp),(1733,Lp),(1744,Noth),(1745,Noth),(1749,Lp),(1758,Lp),(1898,Lp)]",1733,Lp,0.5555556
103,"[(104,Lp),(353,Lp),(1739,Lp)]",104,Lp,1.0
104,"[(366,Rp),(427,Rp),(429,Lp),(777,Rp),(784,Rp),(874,Noth),(1059,Lp),(1422,Lp),(1427,Lp),(1571,Lp),(1625,Noth),(1626,Rp),(1644,Rp),(1649,Rp),(1715,Lp),(1716,Lp),(1876,Rp)]",1715,Rp,0.47058824
105,"[(106,Lp),(107,Lp),(936,Rp)]",106,Lp,0.6666667
106,"[(710,Lp),(1498,Rp),(1499,Rp),(1500,Rp)]",1499,Rp,0.75
107,"[(108,Noth),(110,Rp),(1323,Lp)]",108,Lp,0.33333334
108,"[(109,Noth),(665,Noth),(667,Rp),(865,Noth),(866,Lp),(871,Lp),(882,Noth),(884,Noth),(890,Lp),(1623,Lp),(1624,Noth),(1633,Noth),(1637,Noth),(1640,Rp),(1646,Noth),(1648,Rp),(1875,Noth),(1878,Rp)]",109,Noth,0.5555556
109,"[(1577,Rp),(1728,Rp),(1756,Rp)]",1728,Rp,1.0
110,"[(102,Lp),(111,Noth),(142,Lp)]",111,Lp,0.6666667
111,"[(112,Lp),(739,Lp)]",112,Lp,1.0
112,"[(1222,Rp),(1223,Rp),(1224,Noth),(1225,Lp)]",1224,Rp,0.5
113,"[(114,Noth),(141,Noth)]",114,Noth,1.0
114,"[(115,Lp),(763,Lp),(1040,Noth),(1337,Lp)]",115,Lp,0.75
115,"[(116,Lp)]",116,Lp,1.0
116,"[(113,Lp),(117,Lp),(662,Rp),(1481,Rp),(1482,Noth),(1483,Noth)]",1482,Lp,0.33333334
117,"[(672,Lp),(1061,Rp),(1067,Rp),(1717,Noth),(1889,Rp),(1899,Rp)]",1061,Rp,0.6666667
118,"[(488,Noth),(489,Noth),(490,Noth),(491,Rp)]",488,Noth,0.75
119,"[(119,Rp),(120,Rp),(121,Noth),(1329,Noth),(1330,Rp)]",120,Rp,0.6
120,"[(1807,Lp),(1808,Noth),(1812,Lp),(1825,Lp),(1826,Lp),(1844,Rp),(1845,Noth)]",1825,Lp,0.5714286
121,"[(122,Noth),(123,Rp),(127,Rp),(129,Lp),(1846,Noth)]",123,Rp,0.4
122,"[(376,Noth),(705,Rp),(725,Rp),(869,Noth),(921,Noth),(1433,Noth),(1501,Noth),(1502,Rp),(1533,Rp),(1613,Noth),(1683,Noth),(1870,Rp),(2000,Noth)]",1613,Noth,0.61538464
123,"[(118,Noth),(124,Noth)]",124,Noth,1.0
124,"[(125,Rp),(126,Noth)]",125,Rp,0.5
125,"[(1831,Lp),(1832,Lp),(1848,Rp),(1849,Noth),(1850,Noth),(1851,Noth),(1852,Rp),(1853,Lp),(1854,Lp),(1855,Lp)]",1851,Lp,0.5
126,"[(502,Rp),(503,Rp),(504,Noth),(507,Rp),(508,Rp),(738,Rp),(1052,Rp),(1316,Rp)]",503,Rp,0.875
127,"[(128,Noth),(1349,Noth)]",128,Noth,1.0
128,"[(536,Noth),(1276,Lp),(1350,Lp),(1445,Noth),(1490,Rp),(1847,Noth),(1915,Noth),(1917,Noth),(1918,Noth)]",1915,Noth,0.6666667
129,"[(130,Lp)]",130,Lp,1.0
130,"[(547,Lp),(1326,Noth),(1327,Noth),(1336,Lp),(1347,Lp),(1455,Rp),(1572,Noth),(1742,Noth),(1765,Noth),(1767,Noth),(1770,Lp),(1891,Rp)]",1326,Noth,0.5
131,"[(131,Lp),(132,Lp)]",132,Lp,1.0
132,"[(280,Lp),(281,Lp),(711,Lp),(1788,Lp)]",281,Lp,1.0
133,"[(134,Lp),(912,Rp),(942,Rp)]",942,Rp,0.6666667
134,"[(135,Lp)]",135,Lp,1.0
135,"[(136,Lp),(137,Lp),(248,Lp),(389,Noth),(438,Lp),(659,Lp),(1818,Lp),(1819,Lp),(1857,Lp)]",136,Lp,0.8888889
136,"[(501,Rp),(506,Rp),(531,Lp),(554,Lp),(556,Noth),(560,Noth),(562,Rp),(564,Noth),(565,Rp),(570,Lp),(574,Rp),(577,Rp),(975,Lp),(984,Noth),(987,Noth),(991,Noth),(994,Noth),(997,Noth),(1014,Lp),(1018,Noth),(1125,Lp),(1230,Noth),(1291,Lp),(1377,Rp)]",556,Noth,0.41666666
137,"[(138,Noth),(140,Rp),(1002,Rp),(1236,Noth),(1477,Rp)]",138,Rp,0.6
138,"[(139,Noth),(355,Lp),(434,Lp),(443,Noth),(1332,Noth),(1351,Lp),(1442,Rp),(1622,Noth),(1628,Noth)]",139,Noth,0.5555556
139,"[(1019,Rp),(1443,Rp),(1901,Noth)]",1443,Rp,0.6666667
140,"[(339,Rp),(413,Noth),(416,Rp),(1527,Noth),(1815,Noth)]",339,Noth,0.6
141,"[(563,Noth),(566,Lp),(981,Lp),(992,Noth),(993,Noth),(1013,Lp),(1016,Noth),(1017,Noth),(1142,Noth)]",993,Noth,0.6666667
142,"[(143,Lp),(552,Lp),(553,Lp),(974,Lp),(976,Lp),(977,Lp),(982,Lp),(1012,Lp),(1015,Lp),(1127,Lp)]",976,Lp,1.0
143,"[(144,Rp),(241,Noth),(358,Rp),(453,Lp),(1346,Rp),(1630,Noth),(1631,Rp),(1635,Rp),(1900,Noth)]",1346,Rp,0.5555556
144,"[(145,Noth),(148,Lp)]",145,Lp,0.5
145,"[(146,Lp),(196,Noth),(198,Lp),(934,Lp),(983,Lp),(1104,Lp)]",146,Lp,0.8333333
146,"[(147,Lp),(197,Noth),(245,Rp),(246,Lp),(381,Rp),(1041,Rp),(1044,Rp),(1374,Rp),(1656,Rp),(1663,Rp)]",245,Rp,0.7
147,"[(780,Noth),(783,Noth),(1238,Rp),(1444,Rp),(1446,Noth),(1447,Rp),(1545,Lp),(1690,Noth),(1691,Noth),(1692,Rp),(1693,Noth),(1695,Rp),(1862,Rp),(1914,Rp),(1916,Rp)]",1447,Rp,0.53333336
148,"[(149,Rp),(1042,Rp),(1205,Rp),(1434,Noth),(1525,Rp),(1539,Rp),(1555,Rp),(1813,Rp),(1886,Rp),(1946,Noth),(1961,Rp),(1967,Lp),(1969,Lp),(1977,Rp),(1982,Rp),(1983,Noth)]",1982,Rp,0.6875
149,"[(150,Rp),(249,Rp),(251,Rp),(313,Rp),(337,Rp),(390,Rp),(411,Rp),(412,Noth),(415,Rp)]",337,Rp,0.8888889
150,"[(1574,Noth),(1575,Noth),(1666,Noth),(1667,Noth),(1668,Rp),(1670,Noth),(1672,Rp),(1746,Noth),(1802,Rp),(1893,Rp)]",1666,Noth,0.6
151,"[(152,Rp),(1120,Rp),(1338,Lp),(1339,Lp),(1340,Rp),(1341,Noth),(1820,Lp),(1902,Rp)]",1340,Rp,0.5
152,"[(153,Lp),(154,Lp),(1325,Noth),(1328,Noth),(1334,Noth),(1361,Rp),(1856,Lp)]",153,Lp,0.42857143
153,"[(101,Lp),(409,Lp),(425,Lp),(451,Lp),(664,Lp),(768,Lp),(770,Lp),(928,Lp),(1643,Lp),(1645,Lp)]",664,Lp,1.0
154,"[(548,Rp),(559,Rp),(586,Noth),(588,Lp),(597,Rp),(740,Lp),(967,Lp),(969,Noth),(1289,Lp),(1518,Lp),(1660,Rp),(1673,Rp),(1674,Noth),(1678,Noth),(1680,Noth),(1709,Rp),(1726,Rp),(1730,Lp),(1734,Rp),(1735,Noth),(1736,Rp),(1737,Lp),(1775,Rp)]",1734,Rp,0.4347826
155,"[(155,Lp),(156,Lp)]",156,Lp,1.0
156,"[(356,Noth),(359,Noth),(1423,Noth),(1424,Rp),(1706,Noth),(1711,Rp),(1790,Lp),(1796,Lp)]",1424,Noth,0.5
157,"[(157,Noth),(158,Rp)]",158,Rp,0.5
158,"[(433,Lp),(447,Noth),(669,Lp),(873,Noth),(1632,Noth),(1639,Lp),(1650,Noth),(1651,Rp),(1652,Lp),(1823,Noth)]",1652,Noth,0.5
159,"[(428,Rp),(614,Noth),(630,Noth),(637,Noth),(639,Noth),(730,Noth),(779,Noth),(785,Noth),(786,Noth),(787,Noth),(788,Noth),(789,Noth),(791,Noth),(792,Noth),(793,Noth),(795,Noth),(796,Noth),(797,Noth),(887,Lp),(889,Lp)]",797,Noth,0.85
160,"[(161,Noth)]",161,Noth,1.0
161,"[(162,Noth)]",162,Noth,1.0
162,"[(163,Rp)]",163,Rp,1.0
163,"[(159,Noth),(160,Lp),(367,Rp),(1861,Noth)]",159,Noth,0.5
164,"[(164,Lp),(165,Lp)]",165,Lp,1.0
165,"[(166,Lp)]",166,Lp,1.0
166,"[(167,Lp),(456,Noth),(482,Noth),(483,Noth),(484,Noth),(485,Lp),(486,Lp),(487,Lp),(680,Noth),(1301,Lp),(1345,Lp),(1677,Noth),(1700,Noth),(1738,Lp),(1743,Noth),(1747,Lp),(1748,Lp),(1766,Noth),(1768,Lp),(1769,Lp),(1824,Lp),(1910,Noth)]",482,Lp,0.54545456
167,"[(168,Lp),(677,Rp),(1475,Rp),(1598,Lp),(1603,Lp)]",1603,Lp,0.6
168,"[(169,Rp),(735,Lp),(1722,Noth)]",169,Lp,0.33333334
169,"[(170,Noth)]",170,Noth,1.0
170,"[(171,Lp)]",171,Lp,1.0
171,"[(133,Lp),(172,Lp),(1599,Lp),(1604,Lp)]",1604,Lp,1.0
172,"[(289,Lp),(382,Lp),(494,Rp),(703,Lp),(1045,Lp),(1239,Lp),(1242,Lp),(1243,Lp),(1244,Lp),(1881,Lp),(1955,Lp),(1956,Noth),(1958,Noth),(1963,Lp),(1964,Lp),(1965,Lp),(1968,Noth)]",1242,Lp,0.7647059
173,"[(32,Noth),(34,Rp),(222,Rp),(498,Noth),(499,Rp),(761,Noth),(816,Noth),(843,Rp),(849,Rp),(1176,Rp),(1318,Rp),(1395,Noth),(1397,Rp),(1399,Rp)]",1399,Rp,0.64285713
174,"[(174,Rp),(175,Rp),(233,Rp)]",174,Rp,1.0
175,"[(176,Lp),(210,Noth),(385,Noth),(709,Lp),(1048,Lp),(1249,Noth),(1252,Noth),(1253,Noth),(1254,Noth),(1511,Noth),(1512,Noth),(1884,Noth),(1937,Lp),(1966,Noth)]",1884,Noth,0.71428573
176,"[(177,Lp),(223,Lp),(290,Lp),(432,Lp),(596,Lp),(611,Lp),(612,Lp),(727,Lp),(728,Lp),(776,Lp),(825,Lp),(959,Lp),(1078,Lp),(1360,Noth),(1451,Lp),(1452,Lp),(1520,Noth),(1547,Lp),(1993,Lp),(1996,Lp)]",177,Lp,0.9
177,"[(178,Lp),(270,Lp),(328,Noth),(344,Noth),(393,Lp),(397,Noth),(398,Noth),(419,Noth),(859,Lp),(1049,Lp),(1119,Noth),(1148,Lp),(1207,Lp),(1274,Noth),(1277,Lp),(1320,Noth),(1617,Noth),(1619,Lp),(1710,Noth),(1827,Lp)]",270,Lp,0.5
178,"[(179,Rp),(423,Rp),(583,Lp),(719,Rp),(1196,Rp),(1220,Rp),(1303,Rp),(1519,Lp),(1594,Rp),(1596,Rp),(1932,Rp)]",423,Rp,0.8181818
179,"[(180,Rp),(458,Rp),(460,Rp),(1573,Noth),(1664,Lp),(1951,Rp)]",458,Rp,0.6666667
180,"[(181,Rp),(368,Lp),(392,Rp),(395,Rp),(452,Lp),(454,Lp),(472,Lp),(473,Lp),(474,Lp),(475,Lp),(476,Lp),(477,Lp),(478,Noth),(479,Noth),(480,Noth),(481,Rp),(525,Rp),(587,Noth),(598,Noth),(606,Lp),(663,Lp),(685,Rp),(1186,Rp),(1298,Lp),(1299,Noth),(1300,Rp),(1302,Lp),(1308,Noth),(1578,Noth),(1579,Noth),(1580,Noth),(1581,Rp),(1582,Lp),(1584,Rp),(1585,Lp),(1586,Lp),(1587,Lp),(1589,Rp),(1590,Lp),(1591,Lp),(1592,Lp),(1595,Lp),(1647,Noth),(1740,Lp),(1741,Lp),(1751,Lp),(1753,Noth),(1754,Noth),(1755,Rp),(1757,Lp),(1759,Lp),(1760,Lp),(1761,Lp)]",181,Lp,0.5283019
181,"[(45,Lp),(182,Lp),(255,Lp),(335,Lp),(357,Rp),(404,Lp),(457,Lp),(569,Noth),(619,Lp),(620,Lp),(673,Lp),(790,Noth),(794,Noth),(799,Noth),(896,Lp),(937,Lp),(1128,Lp),(1136,Noth),(1324,Lp),(1922,Lp),(1926,Noth)]",1922,Lp,0.6666667
182,"[(183,Lp),(201,Lp),(526,Rp),(1063,Rp),(1105,Lp),(1121,Rp),(1188,Rp),(1295,Noth),(1354,Noth),(1355,Rp),(1357,Rp),(1602,Rp),(1752,Noth),(1783,Noth),(1903,Noth),(1949,Rp)]",1105,Rp,0.5
183,"[(184,Lp),(293,Lp),(373,Rp),(436,Lp),(518,Lp),(674,Lp),(769,Lp),(893,Lp),(894,Lp),(1110,Lp),(1114,Noth),(1184,Lp),(1187,Noth),(1189,Lp),(1305,Lp),(1307,Rp),(1309,Noth),(1310,Noth),(1312,Noth),(1479,Lp),(1828,Lp),(1920,Lp),(1947,Noth),(1975,Lp)]",1187,Lp,0.6666667
184,"[(185,Lp),(380,Rp),(455,Lp),(601,Noth),(603,Noth),(1342,Rp),(1343,Noth),(1344,Rp),(1908,Lp),(1909,Lp)]",1344,Lp,0.4
185,"[(186,Lp),(527,Lp),(528,Lp),(1793,Lp)]",527,Lp,1.0
186,"[(187,Noth),(300,Noth),(301,Noth),(731,Rp),(734,Rp),(1313,Noth),(1376,Noth),(1521,Rp),(1799,Noth),(1800,Noth),(1998,Rp),(1999,Noth)]",187,Noth,0.6666667
187,"[(188,Rp),(1801,Rp),(1804,Noth),(1805,Rp),(1806,Lp),(1811,Lp)]",1805,Rp,0.5
188,"[(189,Lp),(236,Lp),(573,Rp),(592,Lp),(593,Lp),(594,Lp),(892,Rp),(1071,Noth),(1113,Lp),(1294,Rp),(1296,Rp),(1297,Rp),(1352,Rp),(1659,Lp),(1679,Noth),(1708,Lp),(1750,Rp),(1782,Rp)]",1294,Lp,0.44444445
189,"[(190,Lp),(1505,Lp)]",190,Lp,1.0
190,"[(191,Rp),(217,Lp),(435,Rp),(1411,Noth)]",191,Rp,0.5
191,"[(103,Lp),(584,Noth),(590,Rp),(604,Rp),(605,Noth),(608,Rp),(1797,Lp)]",605,Rp,0.42857143
192,"[(193,Noth),(609,Lp),(1936,Rp)]",193,Lp,0.33333334
193,"[(192,Noth),(194,Rp)]",194,Rp,0.5
194,"[(195,Noth),(206,Rp)]",195,Rp,0.5
195,"[(1438,Lp),(1665,Lp),(1686,Lp),(1689,Lp),(1699,Noth),(1701,Noth),(1702,Rp),(1703,Lp),(1731,Lp),(1776,Rp),(1779,Rp)]",1703,Lp,0.54545456
196,"[(1727,Rp),(1777,Noth),(1778,Rp),(1780,Rp)]",1778,Rp,0.75
197,"[(256,Lp),(257,Lp),(462,Lp),(464,Lp),(938,Lp),(939,Lp),(1353,Rp),(1356,Rp),(1687,Lp),(1688,Lp),(1694,Noth),(1697,Lp),(1698,Lp),(1860,Rp),(1907,Lp)]",1688,Lp,0.73333335
198,"[(199,Lp),(202,Noth),(254,Lp),(414,Noth),(600,Noth),(602,Noth),(607,Lp),(1675,Rp),(1676,Lp)]",199,Lp,0.44444445
199,"[(200,Lp),(203,Noth),(676,Lp)]",200,Lp,0.6666667
